Temperature,Pressure,Data
-10.0,0.1,899.718
-10.0,1.01325,900.424
-10.0,7.38958,901.309
-10.0,14.6792,902.434
-10.0,21.9688,903.838
-10.0,29.2583,905.495
-10.0,36.5479,907.312
-10.0,43.8375,909.173
-10.0,51.1271,911.006
-10.0,58.4167,912.836
-10.0,65.7063,914.796
-10.0,72.9958,917.097
-10.0,80.2854,917.496
-10.0,87.575,919.973
-10.0,94.8646,923.535
-10.0,102.154,927.592
-10.0,109.444,931.654
-10.0,116.733,935.228
-10.0,124.023,938.051
-10.0,131.313,940.087
-10.0,138.602,941.415
-10.0,145.892,942.154
-10.0,153.181,942.419
-10.0,160.471,942.31
-10.0,167.76,941.908
-10.0,175.05,941.278
-10.0,182.34,940.469
-10.0,189.629,939.52
-10.0,196.919,938.462
-10.0,204.208,937.317
-10.0,211.498,768.129
-10.0,218.788,766.294
-10.0,226.077,764.449
-10.0,233.367,762.593
-10.0,240.656,760.726
-10.0,247.946,782.874
-10.0,255.235,781.068
-10.0,262.525,779.255
-10.0,269.815,777.435
-10.0,277.104,775.607
-10.0,284.394,773.772
-10.0,291.683,771.93
-10.0,298.973,770.08
-10.0,306.263,768.222
-10.0,313.552,766.356
-10.0,320.842,764.483
-10.0,328.131,762.601
-10.0,335.421,760.711
-10.0,342.71,784.581
-10.0,350.0,782.778
-7.70833,0.1,873.877
-7.70833,1.01325,875.524
-7.70833,7.38958,876.919
-7.70833,14.6792,878.094
-7.70833,21.9688,879.092
-7.70833,29.2583,879.962
-7.70833,36.5479,880.755
-7.70833,43.8375,881.521
-7.70833,51.1271,882.302
-7.70833,58.4167,883.141
-7.70833,65.7063,884.079
-7.70833,72.9958,885.161
-7.70833,80.2854,885.343
-7.70833,87.575,886.426
-7.70833,94.8646,887.885
-7.70833,102.154,889.515
-7.70833,109.444,891.26
-7.70833,116.733,893.063
-7.70833,124.023,894.901
-7.70833,131.313,896.811
-7.70833,138.602,898.893
-7.70833,145.892,901.289
-7.70833,153.181,904.133
-7.70833,160.471,907.459
-7.70833,167.76,911.102
-7.70833,175.05,914.737
-7.70833,182.34,918.025
-7.70833,189.629,920.756
-7.70833,196.919,922.863
-7.70833,204.208,924.372
-7.70833,211.498,925.352
-7.70833,218.788,925.885
-7.70833,226.077,926.048
-7.70833,233.367,925.907
-7.70833,240.656,925.519
-7.70833,247.946,924.931
-7.70833,255.235,924.18
-7.70833,262.525,923.298
-7.70833,269.815,922.308
-7.70833,277.104,720.939
-7.70833,284.394,718.872
-7.70833,291.683,716.787
-7.70833,298.973,714.683
-7.70833,306.263,712.56
-7.70833,313.552,710.419
-7.70833,320.842,708.257
-7.70833,328.131,706.076
-7.70833,335.421,703.874
-7.70833,342.71,701.651
-7.70833,350.0,699.407
-5.41667,0.1,784.752
-5.41667,1.01325,796.036
-5.41667,7.38958,805.995
-5.41667,14.6792,814.634
-5.41667,21.9688,822.056
-5.41667,29.2583,828.393
-5.41667,36.5479,833.786
-5.41667,43.8375,838.381
-5.41667,51.1271,842.307
-5.41667,58.4167,845.672
-5.41667,65.7063,848.564
-5.41667,72.9958,851.061
-5.41667,80.2854,851.414
-5.41667,87.575,853.236
-5.41667,94.8646,855.16
-5.41667,102.154,856.9
-5.41667,109.444,858.519
-5.41667,116.733,860.071
-5.41667,124.023,861.608
-5.41667,131.313,863.177
-5.41667,138.602,864.818
-5.41667,145.892,866.558
-5.41667,153.181,868.403
-5.41667,160.471,870.338
-5.41667,167.76,872.339
-5.41667,175.05,874.391
-5.41667,182.34,876.509
-5.41667,189.629,878.744
-5.41667,196.919,881.18
-5.41667,204.208,883.91
-5.41667,211.498,886.983
-5.41667,218.788,890.347
-5.41667,226.077,893.83
-5.41667,233.367,897.188
-5.41667,240.656,900.206
-5.41667,247.946,902.755
-5.41667,255.235,904.791
-5.41667,262.525,906.33
-5.41667,269.815,907.417
-5.41667,277.104,908.109
-5.41667,284.394,908.462
-5.41667,291.683,908.528
-5.41667,298.973,908.352
-5.41667,306.263,907.974
-5.41667,313.552,907.425
-5.41667,320.842,906.735
-5.41667,328.131,564.642
-5.41667,335.421,561.547
-5.41667,342.71,558.397
-5.41667,350.0,555.19
-3.125,0.1,713.675
-3.125,1.01325,727.85
-3.125,7.38958,742.541
-3.125,14.6792,757.013
-3.125,21.9688,770.547
-3.125,29.2583,782.694
-3.125,36.5479,793.319
-3.125,43.8375,802.474
-3.125,51.1271,810.296
-3.125,58.4167,816.965
-3.125,65.7063,822.659
-3.125,72.9958,827.537
-3.125,80.2854,828.223
-3.125,87.575,831.734
-3.125,94.8646,835.365
-3.125,102.154,838.534
-3.125,109.444,841.336
-3.125,116.733,843.858
-3.125,124.023,846.177
-3.125,131.313,848.361
-3.125,138.602,850.471
-3.125,145.892,852.56
-3.125,153.181,854.671
-3.125,160.471,856.83
-3.125,167.76,859.043
-3.125,175.05,861.305
-3.125,182.34,863.603
-3.125,189.629,865.941
-3.125,196.919,868.35
-3.125,204.208,870.89
-3.125,211.498,873.641
-3.125,218.788,876.668
-3.125,226.077,879.976
-3.125,233.367,883.473
-3.125,240.656,886.971
-3.125,247.946,890.26
-3.125,255.235,893.174
-3.125,262.525,895.625
-3.125,269.815,897.592
-3.125,277.104,899.097
-3.125,284.394,900.182
-3.125,291.683,900.899
-3.125,298.973,901.298
-3.125,306.263,901.424
-3.125,313.552,901.319
-3.125,320.842,901.016
-3.125,328.131,900.547
-3.125,335.421,899.937
-3.125,342.71,561.333
-3.125,350.0,558.234
-0.833333,0.1,673.133
-0.833333,1.01325,685.382
-0.833333,7.38958,699.363
-0.833333,14.6792,714.719
-0.833333,21.9688,730.696
-0.833333,29.2583,746.301
-0.833333,36.5479,760.712
-0.833333,43.8375,773.514
-0.833333,51.1271,784.622
-0.833333,58.4167,794.138
-0.833333,65.7063,802.255
-0.833333,72.9958,809.184
-0.833333,80.2854,810.155
-0.833333,87.575,815.122
-0.833333,94.8646,820.234
-0.833333,102.154,824.668
-0.833333,109.444,828.554
-0.833333,116.733,832.006
-0.833333,124.023,835.126
-0.833333,131.313,838.002
-0.833333,138.602,840.711
-0.833333,145.892,843.318
-0.833333,153.181,845.877
-0.833333,160.471,848.426
-0.833333,167.76,850.984
-0.833333,175.05,853.557
-0.833333,182.34,856.14
-0.833333,189.629,858.742
-0.833333,196.919,861.39
-0.833333,204.208,864.139
-0.833333,211.498,867.06
-0.833333,218.788,870.216
-0.833333,226.077,873.621
-0.833333,233.367,877.201
-0.833333,240.656,880.797
-0.833333,247.946,884.213
-0.833333,255.235,887.287
-0.833333,262.525,889.923
-0.833333,269.815,892.088
-0.833333,277.104,893.795
-0.833333,284.394,895.08
-0.833333,291.683,895.99
-0.833333,298.973,896.572
-0.833333,306.263,896.87
-0.833333,313.552,896.926
-0.833333,320.842,896.774
-0.833333,328.131,896.444
-0.833333,335.421,895.963
-0.833333,342.71,492.081
-0.833333,350.0,487.758
1.45833,0.1,648.047
1.45833,1.01325,658.678
1.45833,7.38958,671.402
1.45833,14.6792,686.223
1.45833,21.9688,702.73
1.45833,29.2583,719.937
1.45833,36.5479,736.627
1.45833,43.8375,751.906
1.45833,51.1271,765.372
1.45833,58.4167,776.986
1.45833,65.7063,786.906
1.45833,72.9958,795.368
1.45833,80.2854,796.553
1.45833,87.575,802.606
1.45833,94.8646,808.831
1.45833,102.154,814.224
1.45833,109.444,818.948
1.45833,116.733,823.14
1.45833,124.023,826.922
1.45833,131.313,830.395
1.45833,138.602,833.647
1.45833,145.892,836.75
1.45833,153.181,839.763
1.45833,160.471,842.724
1.45833,167.76,845.653
1.45833,175.05,848.559
1.45833,182.34,851.45
1.45833,189.629,854.347
1.45833,196.919,857.292
1.45833,204.208,860.349
1.45833,211.498,863.584
1.45833,218.788,867.038
1.45833,226.077,870.684
1.45833,233.367,874.409
1.45833,240.656,878.04
1.45833,247.946,881.405
1.45833,255.235,884.377
1.45833,262.525,886.897
1.45833,269.815,888.956
1.45833,277.104,890.576
1.45833,284.394,891.798
1.45833,291.683,892.666
1.45833,298.973,893.227
1.45833,306.263,893.52
1.45833,313.552,893.583
1.45833,320.842,893.449
1.45833,328.131,893.144
1.45833,335.421,892.693
1.45833,342.71,496.63
1.45833,350.0,492.531
3.75,0.1,630.294
3.75,1.01325,640.338
3.75,7.38958,652.607
3.75,14.6792,667.337
3.75,21.9688,684.337
3.75,29.2583,702.644
3.75,36.5479,720.813
3.75,43.8375,737.659
3.75,51.1271,752.587
3.75,58.4167,765.479
3.75,65.7063,776.491
3.75,72.9958,785.882
3.75,80.2854,787.196
3.75,87.575,793.918
3.75,94.8646,800.839
3.75,102.154,806.855
3.75,109.444,812.147
3.75,116.733,816.869
3.75,124.023,821.15
3.75,131.313,825.099
3.75,138.602,828.808
3.75,145.892,832.347
3.75,153.181,835.77
3.75,160.471,839.108
3.75,167.76,842.38
3.75,175.05,845.602
3.75,182.34,848.799
3.75,189.629,852.013
3.75,196.919,855.306
3.75,204.208,858.742
3.75,211.498,862.364
3.75,218.788,866.152
3.75,226.077,870.008
3.75,233.367,873.773
3.75,240.656,877.283
3.75,247.946,880.413
3.75,255.235,883.1
3.75,262.525,885.328
3.75,269.815,887.118
3.75,277.104,888.504
3.75,284.394,889.532
3.75,291.683,890.243
3.75,298.973,890.679
3.75,306.263,890.877
3.75,313.552,890.868
3.75,320.842,890.682
3.75,328.131,890.342
3.75,335.421,504.688
3.75,342.71,500.864
3.75,350.0,496.958
6.04167,0.1,616.804
6.04167,1.01325,627.203
6.04167,7.38958,640.03
6.04167,14.6792,655.663
6.04167,21.9688,673.885
6.04167,29.2583,693.468
6.04167,36.5479,712.726
6.04167,43.8375,730.405
6.04167,51.1271,745.941
6.04167,58.4167,759.291
6.04167,65.7063,770.676
6.04167,72.9958,780.396
6.04167,80.2854,781.759
6.04167,87.575,788.741
6.04167,94.8646,795.968
6.04167,102.154,802.298
6.04167,109.444,807.918
6.04167,116.733,812.984
6.04167,124.023,817.623
6.04167,131.313,821.942
6.04167,138.602,826.022
6.04167,145.892,829.925
6.04167,153.181,833.691
6.04167,160.471,837.347
6.04167,167.76,840.918
6.04167,175.05,844.438
6.04167,182.34,847.957
6.04167,189.629,851.538
6.04167,196.919,855.244
6.04167,204.208,859.102
6.04167,211.498,863.082
6.04167,218.788,867.075
6.04167,226.077,870.928
6.04167,233.367,874.492
6.04167,240.656,877.661
6.04167,247.946,880.383
6.04167,255.235,882.651
6.04167,262.525,884.488
6.04167,269.815,885.93
6.04167,277.104,887.018
6.04167,284.394,887.795
6.04167,291.683,888.3
6.04167,298.973,888.569
6.04167,306.263,888.632
6.04167,313.552,888.517
6.04167,320.842,437.213
6.04167,328.131,431.83
6.04167,335.421,426.269
6.04167,342.71,504.825
6.04167,350.0,501.088
8.33333,0.1,606.865
8.33333,1.01325,618.609
8.33333,7.38958,633.224
8.33333,14.6792,651.037
8.33333,21.9688,671.288
8.33333,29.2583,692.164
8.33333,36.5479,711.914
8.33333,43.8375,729.542
8.33333,51.1271,744.782
8.33333,58.4167,757.798
8.33333,65.7063,768.904
8.33333,72.9958,778.433
8.33333,80.2854,779.775
8.33333,87.575,786.682
8.33333,94.8646,793.905
8.33333,102.154,800.315
8.33333,109.444,806.085
8.33333,116.733,811.359
8.33333,124.023,816.25
8.33333,131.313,820.846
8.33333,138.602,825.214
8.33333,145.892,829.396
8.33333,153.181,833.429
8.33333,160.471,837.349
8.33333,167.76,841.202
8.33333,175.05,845.047
8.33333,182.34,848.951
8.33333,189.629,852.962
8.33333,196.919,857.086
8.33333,204.208,861.257
8.33333,211.498,865.354
8.33333,218.788,869.228
8.33333,226.077,872.755
8.33333,233.367,875.859
8.33333,240.656,878.511
8.33333,247.946,880.719
8.33333,255.235,882.51
8.33333,262.525,883.923
8.33333,269.815,884.999
8.33333,277.104,885.777
8.33333,284.394,886.295
8.33333,291.683,886.585
8.33333,298.973,886.678
8.33333,306.263,886.597
8.33333,313.552,448.194
8.33333,320.842,443.312
8.33333,328.131,438.296
8.33333,335.421,433.137
8.33333,342.71,508.549
8.33333,350.0,504.962
10.625,0.1,601.416
10.625,1.01325,615.986
10.625,7.38958,634.099
10.625,14.6792,655.203
10.625,21.9688,677.378
10.625,29.2583,698.586
10.625,36.5479,717.598
10.625,43.8375,734.058
10.625,51.1271,748.126
10.625,58.4167,760.149
10.625,65.7063,770.489
10.625,72.9958,779.47
10.625,80.2854,780.746
10.625,87.575,787.364
10.625,94.8646,794.393
10.625,102.154,800.739
10.625,109.444,806.549
10.625,116.733,811.937
10.625,124.023,816.99
10.625,131.313,821.771
10.625,138.602,826.331
10.625,145.892,830.714
10.625,153.181,834.97
10.625,160.471,839.159
10.625,167.76,843.349
10.625,175.05,847.594
10.625,182.34,851.916
10.625,189.629,856.278
10.625,196.919,860.579
10.625,204.208,864.686
10.625,211.498,868.476
10.625,218.788,871.861
10.625,226.077,874.802
10.625,233.367,877.295
10.625,240.656,879.362
10.625,247.946,881.037
10.625,255.235,882.359
10.625,262.525,883.367
10.625,269.815,884.098
10.625,277.104,884.587
10.625,284.394,884.862
10.625,291.683,884.951
10.625,298.973,462.356
10.625,306.263,457.961
10.625,313.552,453.465
10.625,320.842,448.862
10.625,328.131,444.147
10.625,335.421,439.315
10.625,342.71,512.064
10.625,350.0,508.611
12.9167,0.1,604.199
12.9167,1.01325,623.995
12.9167,7.38958,646.698
12.9167,14.6792,670.046
12.9167,21.9688,691.974
12.9167,29.2583,711.404
12.9167,36.5479,728.156
12.9167,43.8375,742.495
12.9167,51.1271,754.814
12.9167,58.4167,765.485
12.9167,65.7063,774.829
12.9167,72.9958,783.11
12.9167,80.2854,784.301
12.9167,87.575,790.542
12.9167,94.8646,797.295
12.9167,102.154,803.505
12.9167,109.444,809.277
12.9167,116.733,814.69
12.9167,124.023,819.807
12.9167,131.313,824.684
12.9167,138.602,829.379
12.9167,145.892,833.957
12.9167,153.181,838.486
12.9167,160.471,843.024
12.9167,167.76,847.594
12.9167,175.05,852.167
12.9167,182.34,856.656
12.9167,189.629,860.944
12.9167,196.919,864.915
12.9167,204.208,868.488
12.9167,211.498,871.621
12.9167,218.788,874.309
12.9167,226.077,876.571
12.9167,233.367,878.436
12.9167,240.656,879.943
12.9167,247.946,881.129
12.9167,255.235,882.031
12.9167,262.525,882.681
12.9167,269.815,883.11
12.9167,277.104,883.345
12.9167,284.394,883.408
12.9167,291.683,470.784
12.9167,298.973,466.788
12.9167,306.263,462.601
12.9167,313.552,458.326
12.9167,320.842,453.96
12.9167,328.131,449.499
12.9167,335.421,444.939
12.9167,342.71,515.393
12.9167,350.0,512.061
15.2083,0.1,624.449
15.2083,1.01325,648.898
15.2083,7.38958,672.426
15.2083,14.6792,693.593
15.2083,21.9688,712.002
15.2083,29.2583,727.861
15.2083,36.5479,741.558
15.2083,43.8375,753.48
15.2083,51.1271,763.958
15.2083,58.4167,773.264
15.2083,65.7063,781.62
15.2083,72.9958,789.205
15.2083,80.2854,790.31
15.2083,87.575,796.159
15.2083,94.8646,802.594
15.2083,102.154,808.597
15.2083,109.444,814.242
15.2083,116.733,819.595
15.2083,124.023,824.724
15.2083,131.313,829.699
15.2083,138.602,834.588
15.2083,145.892,839.443
15.2083,153.181,844.279
15.2083,160.471,849.061
15.2083,167.76,853.707
15.2083,175.05,858.112
15.2083,182.34,862.178
15.2083,189.629,865.838
15.2083,196.919,869.062
15.2083,204.208,871.848
15.2083,211.498,874.215
15.2083,218.788,876.193
15.2083,226.077,877.817
15.2083,233.367,879.122
15.2083,240.656,880.145
15.2083,247.946,880.915
15.2083,255.235,881.462
15.2083,262.525,881.812
15.2083,269.815,881.987
15.2083,277.104,482.457
15.2083,284.394,478.65
15.2083,291.683,474.774
15.2083,298.973,470.825
15.2083,306.263,466.803
15.2083,313.552,462.841
15.2083,320.842,458.68
15.2083,328.131,454.437
15.2083,335.421,450.109
15.2083,342.71,518.556
15.2083,350.0,515.334
15.56,0.1,665.559
15.56,1.01325,686.034
15.56,7.38958,703.985
15.56,14.6792,719.693
15.56,21.9688,733.505
15.56,29.2583,745.731
15.56,36.5479,756.635
15.56,43.8375,766.435
15.56,51.1271,775.312
15.56,58.4167,783.418
15.56,65.7063,790.873
15.56,72.9958,797.78
15.56,80.2854,798.797
15.56,87.575,804.223
15.56,94.8646,810.279
15.56,102.154,816.02
15.56,109.444,821.521
15.56,116.733,826.852
15.56,124.023,832.072
15.56,131.313,837.216
15.56,138.602,842.277
15.56,145.892,847.206
15.56,153.181,851.922
15.56,160.471,856.339
15.56,167.76,860.383
15.56,175.05,864.013
15.56,182.34,867.212
15.56,189.629,869.989
15.56,196.919,872.365
15.56,204.208,874.369
15.56,211.498,876.036
15.56,218.788,877.398
15.56,226.077,878.486
15.56,233.367,879.329
15.56,240.656,879.956
15.56,247.946,880.388
15.56,255.235,880.647
15.56,262.525,493.086
15.56,269.815,489.536
15.56,277.104,485.927
15.56,284.394,482.258
15.56,291.683,478.527
15.56,298.973,474.732
15.56,306.263,470.872
15.56,313.552,466.943
15.56,320.842,462.945
15.56,328.131,458.874
15.56,335.421,454.897
15.56,342.71,521.569
15.56,350.0,518.448
17.5,0.1,708.847
17.5,1.01325,721.976
17.5,7.38958,734.062
17.5,14.6792,745.176
17.5,21.9688,755.399
17.5,29.2583,764.818
17.5,36.5479,773.516
17.5,43.8375,781.575
17.5,51.1271,789.072
17.5,58.4167,796.077
17.5,65.7063,802.662
17.5,72.9958,808.896
17.5,80.2854,809.826
17.5,87.575,814.847
17.5,94.8646,820.579
17.5,102.154,826.147
17.5,109.444,831.581
17.5,116.733,836.88
17.5,124.023,842.012
17.5,131.313,846.917
17.5,138.602,851.527
17.5,145.892,855.782
17.5,153.181,859.644
17.5,160.471,863.096
17.5,167.76,866.139
17.5,175.05,868.79
17.5,182.34,871.072
17.5,189.629,873.015
17.5,196.919,874.647
17.5,204.208,875.997
17.5,211.498,877.094
17.5,218.788,877.962
17.5,226.077,878.625
17.5,233.367,879.104
17.5,240.656,506.144
17.5,247.946,502.86
17.5,255.235,499.527
17.5,262.525,496.143
17.5,269.815,492.706
17.5,277.104,489.217
17.5,284.394,485.673
17.5,291.683,482.073
17.5,298.973,478.415
17.5,306.263,474.699
17.5,313.552,470.923
17.5,320.842,467.084
17.5,328.131,463.182
17.5,335.421,459.215
17.5,342.71,524.447
17.5,350.0,521.417
19.7917,0.1,746.899
19.7917,1.01325,755.271
19.7917,7.38958,763.406
19.7917,14.6792,771.237
19.7917,21.9688,778.736
19.7917,29.2583,785.895
19.7917,36.5479,792.729
19.7917,43.8375,799.262
19.7917,51.1271,805.529
19.7917,58.4167,811.567
19.7917,65.7063,817.41
19.7917,72.9958,823.082
19.7917,80.2854,823.938
19.7917,87.575,828.59
19.7917,94.8646,833.919
19.7917,102.154,839.037
19.7917,109.444,843.899
19.7917,116.733,848.459
19.7917,124.023,852.679
19.7917,131.313,856.534
19.7917,138.602,860.015
19.7917,145.892,863.123
19.7917,153.181,865.871
19.7917,160.471,868.277
19.7917,167.76,870.365
19.7917,175.05,872.157
19.7917,182.34,873.678
19.7917,189.629,874.951
19.7917,196.919,875.999
19.7917,204.208,876.842
19.7917,211.498,877.499
19.7917,218.788,518.087
19.7917,226.077,515.025
19.7917,233.367,511.921
19.7917,240.656,508.773
19.7917,247.946,505.581
19.7917,255.235,502.343
19.7917,262.525,499.058
19.7917,269.815,495.726
19.7917,277.104,492.345
19.7917,284.394,488.914
19.7917,291.683,485.433
19.7917,298.973,481.9
19.7917,306.263,478.314
19.7917,313.552,474.674
19.7917,320.842,470.978
19.7917,328.131,467.226
19.7917,335.421,463.416
19.7917,342.71,526.891
19.7917,350.0,523.922
22.0833,0.1,784.622
22.0833,1.01325,789.363
22.0833,7.38958,794.355
22.0833,14.6792,799.494
22.0833,21.9688,804.702
22.0833,29.2583,809.927
22.0833,36.5479,815.127
22.0833,43.8375,820.268
22.0833,51.1271,825.319
22.0833,58.4167,830.246
22.0833,65.7063,835.015
22.0833,72.9958,839.588
22.0833,80.2854,840.271
22.0833,87.575,843.932
22.0833,94.8646,848.017
22.0833,102.154,851.82
22.0833,109.444,855.328
22.0833,116.733,858.533
22.0833,124.023,861.437
22.0833,131.313,864.047
22.0833,138.602,866.373
22.0833,145.892,868.429
22.0833,153.181,870.231
22.0833,160.471,871.794
22.0833,167.76,873.136
22.0833,175.05,537.495
22.0833,182.34,534.733
22.0833,189.629,531.935
22.0833,196.919,529.101
22.0833,204.208,526.229
22.0833,211.498,523.321
22.0833,218.788,520.374
22.0833,226.077,517.387
22.0833,233.367,514.361
22.0833,240.656,511.295
22.0833,247.946,508.187
22.0833,255.235,505.037
22.0833,262.525,501.845
22.0833,269.815,498.608
22.0833,277.104,495.327
22.0833,284.394,492.0
22.0833,291.683,488.627
22.0833,298.973,485.207
22.0833,306.263,481.739
22.0833,313.552,478.222
22.0833,320.842,474.655
22.0833,328.131,471.037
22.0833,335.421,467.368
22.0833,342.71,529.557
22.0833,350.0,526.668
24.375,0.1,822.908
24.375,1.01325,824.573
24.375,7.38958,634.045
24.375,14.6792,629.036
24.375,21.9688,623.933
24.375,29.2583,618.731
24.375,36.5479,613.429
24.375,43.8375,608.023
24.375,51.1271,602.509
24.375,58.4167,847.89
24.375,65.7063,850.917
24.375,72.9958,853.814
24.375,80.2854,854.245
24.375,87.575,856.556
24.375,94.8646,859.127
24.375,102.154,861.516
24.375,109.444,863.715
24.375,116.733,865.723
24.375,124.023,867.541
24.375,131.313,869.171
24.375,138.602,870.62
24.375,145.892,871.895
24.375,153.181,873.002
24.375,160.471,873.951
24.375,167.76,541.999
24.375,175.05,539.327
24.375,182.34,536.621
24.375,189.629,533.882
24.375,196.919,531.108
24.375,204.208,528.3
24.375,211.498,525.457
24.375,218.788,522.578
24.375,226.077,519.662
24.375,233.367,516.709
24.375,240.656,513.718
24.375,247.946,510.689
24.375,255.235,507.621
24.375,262.525,504.514
24.375,269.815,501.366
24.375,277.104,498.176
24.375,284.394,494.945
24.375,291.683,491.672
24.375,298.973,488.355
24.375,306.263,484.995
24.375,313.552,481.59
24.375,320.842,478.139
24.375,328.131,474.643
24.375,335.421,471.1
24.375,342.71,532.117
24.375,350.0,529.302
26.6667,0.1,646.18
26.6667,1.01325,641.455
26.6667,7.38958,636.646
26.6667,14.6792,631.75
26.6667,21.9688,626.766
26.6667,29.2583,621.689
26.6667,36.5479,616.52
26.6667,43.8375,611.253
26.6667,51.1271,605.887
26.6667,58.4167,860.281
26.6667,65.7063,861.927
26.6667,72.9958,863.535
26.6667,80.2854,863.777
26.6667,87.575,865.083
26.6667,94.8646,866.553
26.6667,102.154,867.932
26.6667,109.444,869.212
26.6667,116.733,870.385
26.6667,124.023,871.448
26.6667,131.313,872.398
26.6667,138.602,873.237
26.6667,145.892,625.027
26.6667,153.181,617.816
26.6667,160.471,610.456
26.6667,167.76,602.944
26.6667,175.05,541.102
26.6667,182.34,538.45
26.6667,189.629,535.766
26.6667,196.919,533.05
26.6667,204.208,530.302
26.6667,211.498,527.52
26.6667,218.788,524.705
26.6667,226.077,521.855
26.6667,233.367,518.971
26.6667,240.656,516.051
26.6667,247.946,513.096
26.6667,255.235,510.104
26.6667,262.525,507.075
26.6667,269.815,504.009
26.6667,277.104,500.905
26.6667,284.394,497.762
26.6667,291.683,494.58
26.6667,298.973,491.359
26.6667,306.263,488.097
26.6667,313.552,484.795
26.6667,320.842,481.451
26.6667,328.131,478.065
26.6667,335.421,474.637
26.6667,342.71,534.579
26.6667,350.0,531.834
28.9583,0.1,648.498
28.9583,1.01325,643.87
28.9583,7.38958,639.162
28.9583,14.6792,634.372
28.9583,21.9688,629.499
28.9583,29.2583,624.54
28.9583,36.5479,619.494
28.9583,43.8375,614.358
28.9583,51.1271,609.13
28.9583,58.4167,868.022
28.9583,65.7063,868.827
28.9583,72.9958,869.637
28.9583,80.2854,869.761
28.9583,87.575,870.434
28.9583,94.8646,581.521
28.9583,102.154,575.689
28.9583,109.444,569.747
28.9583,116.733,563.693
28.9583,124.023,557.524
28.9583,131.313,551.238
28.9583,138.602,637.133
28.9583,145.892,630.309
28.9583,153.181,623.355
28.9583,160.471,616.269
28.9583,167.76,609.047
28.9583,175.05,601.686
28.9583,182.34,540.223
28.9583,189.629,537.592
28.9583,196.919,534.931
28.9583,204.208,532.239
28.9583,211.498,529.515
28.9583,218.788,526.76
28.9583,226.077,523.972
28.9583,233.367,521.152
28.9583,240.656,518.299
28.9583,247.946,515.413
28.9583,255.235,512.492
28.9583,262.525,509.537
28.9583,269.815,506.548
28.9583,277.104,503.523
28.9583,284.394,500.462
28.9583,291.683,497.365
28.9583,298.973,494.231
28.9583,306.263,491.061
28.9583,313.552,487.853
28.9583,320.842,484.607
28.9583,328.131,481.322
28.9583,335.421,478.0
28.9583,342.71,536.951
28.9583,350.0,534.27
31.25,0.1,650.748
31.25,1.01325,646.21
31.25,7.38958,641.598
31.25,14.6792,636.908
31.25,21.9688,632.14
31.25,29.2583,627.292
31.25,36.5479,622.362
31.25,43.8375,617.347
31.25,51.1271,612.247
31.25,58.4167,607.058
31.25,65.7063,601.78
31.25,72.9958,596.41
31.25,80.2854,595.578
31.25,87.575,590.947
31.25,94.8646,585.387
31.25,102.154,579.73
31.25,109.444,573.972
31.25,116.733,568.113
31.25,124.023,562.15
31.25,131.313,556.082
31.25,138.602,641.922
31.25,145.892,635.318
31.25,153.181,628.597
31.25,160.471,621.756
31.25,167.76,614.793
31.25,175.05,607.707
31.25,182.34,600.496
31.25,189.629,539.364
31.25,196.919,536.754
31.25,204.208,534.115
31.25,211.498,531.447
31.25,218.788,528.748
31.25,226.077,526.019
31.25,233.367,523.26
31.25,240.656,520.469
31.25,247.946,517.648
31.25,255.235,514.794
31.25,262.525,511.908
31.25,269.815,508.99
31.25,277.104,506.038
31.25,284.394,503.054
31.25,291.683,500.036
31.25,298.973,496.984
31.25,306.263,493.898
31.25,313.552,490.777
31.25,320.842,487.621
31.25,328.131,484.43
31.25,335.421,481.203
31.25,342.71,539.239
31.25,350.0,536.619
33.5417,0.1,652.933
33.5417,1.01325,648.482
33.5417,7.38958,643.959
33.5417,14.6792,639.364
33.5417,21.9688,634.695
33.5417,29.2583,629.951
33.5417,36.5479,625.129
33.5417,43.8375,620.229
33.5417,51.1271,615.248
33.5417,58.4167,610.186
33.5417,65.7063,605.039
33.5417,72.9958,599.808
33.5417,80.2854,598.998
33.5417,87.575,594.49
33.5417,94.8646,589.083
33.5417,102.154,583.587
33.5417,109.444,577.999
33.5417,116.733,572.317
33.5417,124.023,566.542
33.5417,131.313,560.67
33.5417,138.602,646.485
33.5417,145.892,640.083
33.5417,153.181,633.573
33.5417,160.471,626.955
33.5417,167.76,620.226
33.5417,175.05,613.387
33.5417,182.34,606.435
33.5417,189.629,599.37
33.5417,196.919,538.523
33.5417,204.208,535.935
33.5417,211.498,533.318
33.5417,218.788,530.674
33.5417,226.077,528.0
33.5417,233.367,525.298
33.5417,240.656,522.567
33.5417,247.946,519.806
33.5417,255.235,517.015
33.5417,262.525,514.194
33.5417,269.815,511.342
33.5417,277.104,508.46
33.5417,284.394,505.547
33.5417,291.683,502.602
33.5417,298.973,499.626
33.5417,306.263,496.618
33.5417,313.552,493.578
33.5417,320.842,490.506
33.5417,328.131,487.401
33.5417,335.421,484.264
33.5417,342.71,541.449
33.5417,350.0,538.886
35.8333,0.1,655.057
35.8333,1.01325,650.687
35.8333,7.38958,646.251
35.8333,14.6792,641.745
35.8333,21.9688,637.17
35.8333,29.2583,632.524
35.8333,36.5479,627.804
35.8333,43.8375,623.011
35.8333,51.1271,618.143
35.8333,58.4167,613.198
35.8333,65.7063,608.175
35.8333,72.9958,603.072
35.8333,80.2854,602.282
35.8333,87.575,597.889
35.8333,94.8646,592.624
35.8333,102.154,587.276
35.8333,109.444,581.844
35.8333,116.733,576.326
35.8333,124.023,570.722
35.8333,131.313,565.03
35.8333,138.602,650.844
35.8333,145.892,644.626
35.8333,153.181,638.31
35.8333,160.471,631.895
35.8333,167.76,625.38
35.8333,175.05,618.764
35.8333,182.34,612.046
35.8333,189.629,605.226
35.8333,196.919,598.305
35.8333,204.208,537.701
35.8333,211.498,535.134
35.8333,218.788,532.54
35.8333,226.077,529.919
35.8333,233.367,527.271
35.8333,240.656,524.595
35.8333,247.946,521.892
35.8333,255.235,519.16
35.8333,262.525,516.4
35.8333,269.815,513.612
35.8333,277.104,510.794
35.8333,284.394,507.948
35.8333,291.683,505.072
35.8333,298.973,502.167
35.8333,306.263,499.232
35.8333,313.552,496.268
35.8333,320.842,493.273
35.8333,328.131,490.248
35.8333,335.421,487.193
35.8333,342.71,543.586
35.8333,350.0,541.077
38.125,0.1,657.123
38.125,1.01325,652.831
38.125,7.38958,648.476
38.125,14.6792,644.056
38.125,21.9688,639.569
38.125,29.2583,635.015
38.125,36.5479,630.393
38.125,43.8375,625.701
38.125,51.1271,620.938
38.125,58.4167,616.103
38.125,65.7063,611.195
38.125,72.9958,606.214
38.125,80.2854,605.442
38.125,87.575,601.157
38.125,94.8646,596.023
38.125,102.154,590.813
38.125,109.444,585.525
38.125,116.733,580.158
38.125,124.023,574.711
38.125,131.313,569.184
38.125,138.602,655.017
38.125,145.892,648.97
38.125,153.181,642.832
38.125,160.471,636.603
38.125,167.76,630.282
38.125,175.05,623.87
38.125,182.34,617.365
38.125,189.629,610.768
38.125,196.919,604.078
38.125,204.208,597.297
38.125,211.498,536.897
38.125,218.788,534.351
38.125,226.077,531.78
38.125,233.367,529.183
38.125,240.656,526.561
38.125,247.946,523.911
38.125,255.235,521.236
38.125,262.525,518.533
38.125,269.815,515.804
38.125,277.104,513.047
38.125,284.394,510.264
38.125,291.683,507.453
38.125,298.973,504.614
38.125,306.263,501.748
38.125,313.552,498.854
38.125,320.842,495.932
38.125,328.131,492.981
38.125,335.421,490.003
38.125,342.71,545.654
38.125,350.0,543.197
40.4167,0.1,659.134
40.4167,1.01325,654.917
40.4167,7.38958,650.64
40.4167,14.6792,646.3
40.4167,21.9688,641.898
40.4167,29.2583,637.432
40.4167,36.5479,632.901
40.4167,43.8375,628.304
40.4167,51.1271,623.64
40.4167,58.4167,618.909
40.4167,65.7063,614.11
40.4167,72.9958,609.241
40.4167,80.2854,608.488
40.4167,87.575,604.302
40.4167,94.8646,599.292
40.4167,102.154,594.21
40.4167,109.444,589.055
40.4167,116.733,583.828
40.4167,124.023,578.527
40.4167,131.313,573.152
40.4167,138.602,659.02
40.4167,145.892,653.13
40.4167,153.181,647.157
40.4167,160.471,641.1
40.4167,167.76,634.958
40.4167,175.05,628.733
40.4167,182.34,622.422
40.4167,189.629,616.028
40.4167,196.919,609.549
40.4167,204.208,602.988
40.4167,211.498,596.344
40.4167,218.788,536.11
40.4167,226.077,533.587
40.4167,233.367,531.038
40.4167,240.656,528.466
40.4167,247.946,525.868
40.4167,255.235,523.245
40.4167,262.525,520.597
40.4167,269.815,517.924
40.4167,277.104,515.225
40.4167,284.394,512.5
40.4167,291.683,509.75
40.4167,298.973,506.974
40.4167,306.263,504.172
40.4167,313.552,501.344
40.4167,320.842,498.489
40.4167,328.131,495.609
40.4167,335.421,492.702
40.4167,342.71,547.659
40.4167,350.0,545.25
42.7083,0.1,661.093
42.7083,1.01325,656.948
42.7083,7.38958,652.744
42.7083,14.6792,648.481
42.7083,21.9688,644.159
42.7083,29.2583,639.776
42.7083,36.5479,635.332
42.7083,43.8375,630.826
42.7083,51.1271,626.256
42.7083,58.4167,621.623
42.7083,65.7063,616.926
42.7083,72.9958,612.163
42.7083,80.2854,611.426
42.7083,87.575,607.334
42.7083,94.8646,602.439
42.7083,102.154,597.477
42.7083,109.444,592.447
42.7083,116.733,587.35
42.7083,124.023,582.184
42.7083,131.313,576.95
42.7083,138.602,662.866
42.7083,145.892,657.123
42.7083,153.181,651.303
42.7083,160.471,645.405
42.7083,167.76,639.429
42.7083,175.05,633.375
42.7083,182.34,627.244
42.7083,189.629,621.035
42.7083,196.919,614.75
42.7083,204.208,608.389
42.7083,211.498,601.952
42.7083,218.788,595.443
42.7083,226.077,535.341
42.7083,233.367,532.839
42.7083,240.656,530.314
42.7083,247.946,527.765
42.7083,255.235,525.193
42.7083,262.525,522.596
42.7083,269.815,519.976
42.7083,277.104,517.331
42.7083,284.394,514.663
42.7083,291.683,511.97
42.7083,298.973,509.253
42.7083,306.263,506.511
42.7083,313.552,503.745
42.7083,320.842,500.954
42.7083,328.131,498.139
42.7083,335.421,495.3
42.7083,342.71,549.603
42.7083,350.0,547.24
45.0,0.1,663.003
45.0,1.01325,658.926
45.0,7.38958,654.793
45.0,14.6792,650.604
45.0,21.9688,646.358
45.0,29.2583,642.054
45.0,36.5479,637.692
45.0,43.8375,633.272
45.0,51.1271,628.791
45.0,58.4167,624.251
45.0,65.7063,619.649
45.0,72.9958,614.986
45.0,80.2854,614.265
45.0,87.575,610.262
45.0,94.8646,605.475
45.0,102.154,600.625
45.0,109.444,595.712
45.0,116.733,590.736
45.0,124.023,585.696
45.0,131.313,580.592
45.0,138.602,666.568
45.0,145.892,660.962
45.0,153.181,655.284
45.0,160.471,649.534
45.0,167.76,643.712
45.0,175.05,637.817
45.0,182.34,631.851
45.0,189.629,625.814
45.0,196.919,619.706
45.0,204.208,613.529
45.0,211.498,607.282
45.0,218.788,600.969
45.0,226.077,594.59
45.0,233.367,588.148
45.0,240.656,532.109
45.0,247.946,529.607
45.0,255.235,527.082
45.0,262.525,524.535
45.0,269.815,521.965
45.0,277.104,519.372
45.0,284.394,516.756
45.0,291.683,514.117
45.0,298.973,511.456
45.0,306.263,508.771
45.0,313.552,506.063
45.0,320.842,503.333
45.0,328.131,500.579
45.0,335.421,497.803
45.0,342.71,551.49
45.0,350.0,549.17
47.2917,0.1,664.866
47.2917,1.01325,660.854
47.2917,7.38958,656.789
47.2917,14.6792,652.67
47.2917,21.9688,648.497
47.2917,29.2583,644.269
47.2917,36.5479,639.985
47.2917,43.8375,635.646
47.2917,51.1271,631.25
47.2917,58.4167,626.797
47.2917,65.7063,622.286
47.2917,72.9958,617.718
47.2917,80.2854,617.012
47.2917,87.575,613.091
47.2917,94.8646,608.406
47.2917,102.154,603.662
47.2917,109.444,598.858
47.2917,116.733,593.996
47.2917,124.023,589.074
47.2917,131.313,584.092
47.2917,138.602,670.137
47.2917,145.892,664.659
47.2917,153.181,659.114
47.2917,160.471,653.502
47.2917,167.76,647.823
47.2917,175.05,642.076
47.2917,182.34,636.263
47.2917,189.629,630.385
47.2917,196.919,624.441
47.2917,204.208,618.433
47.2917,211.498,612.361
47.2917,218.788,606.228
47.2917,226.077,600.035
47.2917,233.367,593.784
47.2917,240.656,587.477
47.2917,247.946,531.396
47.2917,255.235,528.917
47.2917,262.525,526.416
47.2917,269.815,523.894
47.2917,277.104,521.35
47.2917,284.394,518.784
47.2917,291.683,516.197
47.2917,298.973,513.588
47.2917,306.263,510.957
47.2917,313.552,508.305
47.2917,320.842,505.631
47.2917,328.131,502.935
47.2917,335.421,500.218
47.2917,342.71,553.323
47.2917,350.0,551.045
49.5833,0.1,666.685
49.5833,1.01325,662.735
49.5833,7.38958,658.734
49.5833,14.6792,654.683
49.5833,21.9688,650.579
49.5833,29.2583,646.423
49.5833,36.5479,642.214
49.5833,43.8375,637.952
49.5833,51.1271,633.637
49.5833,58.4167,629.267
49.5833,65.7063,624.843
49.5833,72.9958,620.364
49.5833,80.2854,619.672
49.5833,87.575,615.83
49.5833,94.8646,611.241
49.5833,102.154,606.596
49.5833,109.444,601.895
49.5833,116.733,597.139
49.5833,124.023,592.328
49.5833,131.313,587.461
49.5833,138.602,673.581
49.5833,145.892,668.224
49.5833,153.181,662.804
49.5833,160.471,657.321
49.5833,167.76,651.775
49.5833,175.05,646.167
49.5833,182.34,640.497
49.5833,189.629,634.765
49.5833,196.919,628.973
49.5833,204.208,623.122
49.5833,211.498,617.213
49.5833,218.788,611.246
49.5833,226.077,605.224
49.5833,233.367,599.149
49.5833,240.656,593.022
49.5833,247.946,586.845
49.5833,255.235,530.7
49.5833,262.525,528.244
49.5833,269.815,525.767
49.5833,277.104,523.269
49.5833,284.394,520.751
49.5833,291.683,518.212
49.5833,298.973,515.653
49.5833,306.263,513.074
49.5833,313.552,510.474
49.5833,320.842,507.853
49.5833,328.131,505.212
49.5833,335.421,502.551
49.5833,342.71,555.106
49.5833,350.0,552.868
51.875,0.1,668.461
51.875,1.01325,664.571
51.875,7.38958,660.633
51.875,14.6792,656.645
51.875,21.9688,652.608
51.875,29.2583,648.521
51.875,36.5479,644.383
51.875,43.8375,640.195
51.875,51.1271,635.956
51.875,58.4167,631.666
51.875,65.7063,627.323
51.875,72.9958,622.929
51.875,80.2854,622.25
51.875,87.575,618.483
51.875,94.8646,613.984
51.875,102.154,609.433
51.875,109.444,604.83
51.875,116.733,600.175
51.875,124.023,595.467
51.875,131.313,590.707
51.875,138.602,676.911
51.875,145.892,671.667
51.875,153.181,666.364
51.875,160.471,661.002
51.875,167.76,655.582
51.875,175.05,650.102
51.875,182.34,644.565
51.875,189.629,638.972
51.875,196.919,633.321
51.875,204.208,627.616
51.875,211.498,621.856
51.875,218.788,616.044
51.875,226.077,610.181
51.875,233.367,604.268
51.875,240.656,598.307
51.875,247.946,592.301
51.875,255.235,586.251
51.875,262.525,530.02
51.875,269.815,527.586
51.875,277.104,525.133
51.875,284.394,522.66
51.875,291.683,520.168
51.875,298.973,517.657
51.875,306.263,515.125
51.875,313.552,512.575
51.875,320.842,510.005
51.875,328.131,507.416
51.875,335.421,504.808
51.875,342.71,556.84
51.875,350.0,554.64
54.1667,0.1,670.196
54.1667,1.01325,666.364
54.1667,7.38958,662.485
54.1667,14.6792,658.559
54.1667,21.9688,654.586
54.1667,29.2583,650.565
54.1667,36.5479,646.496
54.1667,43.8375,642.378
54.1667,51.1271,638.212
54.1667,58.4167,633.997
54.1667,65.7063,629.732
54.1667,72.9958,625.419
54.1667,80.2854,624.752
54.1667,87.575,621.056
54.1667,94.8646,616.643
54.1667,102.154,612.181
54.1667,109.444,607.67
54.1667,116.733,603.109
54.1667,124.023,598.499
54.1667,131.313,593.84
54.1667,138.602,680.132
54.1667,145.892,674.996
54.1667,153.181,669.803
54.1667,160.471,664.555
54.1667,167.76,659.252
54.1667,175.05,653.894
54.1667,182.34,648.482
54.1667,189.629,643.017
54.1667,196.919,637.499
54.1667,204.208,631.93
54.1667,211.498,626.31
54.1667,218.788,620.641
54.1667,226.077,614.925
54.1667,233.367,609.163
54.1667,240.656,603.356
54.1667,247.946,597.507
54.1667,255.235,591.619
54.1667,262.525,585.693
54.1667,269.815,529.356
54.1667,277.104,526.945
54.1667,284.394,524.515
54.1667,291.683,522.067
54.1667,298.973,519.601
54.1667,306.263,517.116
54.1667,313.552,514.612
54.1667,320.842,512.091
54.1667,328.131,509.551
54.1667,335.421,506.993
54.1667,342.71,558.529
54.1667,350.0,556.365
56.4583,0.1,671.893
56.4583,1.01325,668.116
56.4583,7.38958,664.294
56.4583,14.6792,660.428
56.4583,21.9688,656.516
56.4583,29.2583,652.558
56.4583,36.5479,648.554
56.4583,43.8375,644.504
56.4583,51.1271,640.407
56.4583,58.4167,636.264
56.4583,65.7063,632.074
56.4583,72.9958,627.837
56.4583,80.2854,627.182
56.4583,87.575,623.553
56.4583,94.8646,619.222
56.4583,102.154,614.844
56.4583,109.444,610.42
56.4583,116.733,605.949
56.4583,124.023,601.431
56.4583,131.313,596.867
56.4583,138.602,683.252
56.4583,145.892,678.217
56.4583,153.181,673.13
56.4583,160.471,667.989
56.4583,167.76,662.797
56.4583,175.05,657.553
56.4583,182.34,652.259
56.4583,189.629,646.914
56.4583,196.919,641.52
56.4583,204.208,636.078
56.4583,211.498,630.589
56.4583,218.788,625.054
56.4583,226.077,619.475
56.4583,233.367,613.853
56.4583,240.656,608.19
56.4583,247.946,602.488
56.4583,255.235,596.748
56.4583,262.525,590.974
56.4583,269.815,585.168
56.4583,277.104,528.707
56.4583,284.394,526.319
56.4583,291.683,523.913
56.4583,298.973,521.49
56.4583,306.263,519.049
56.4583,313.552,516.59
56.4583,320.842,514.114
56.4583,328.131,511.621
56.4583,335.421,509.11
56.4583,342.71,560.175
56.4583,350.0,558.046
58.75,0.1,673.552
58.75,1.01325,669.829
58.75,7.38958,666.062
58.75,14.6792,662.253
58.75,21.9688,658.399
58.75,29.2583,654.502
58.75,36.5479,650.56
58.75,43.8375,646.575
58.75,51.1271,642.545
58.75,58.4167,638.47
58.75,65.7063,634.351
58.75,72.9958,630.187
58.75,80.2854,629.545
58.75,87.575,625.979
58.75,94.8646,621.726
58.75,102.154,617.428
58.75,109.444,613.086
58.75,116.733,608.7
58.75,124.023,604.27
58.75,131.313,599.796
58.75,138.602,686.278
58.75,145.892,681.339
58.75,153.181,676.35
58.75,160.471,671.312
58.75,167.76,666.224
58.75,175.05,661.088
58.75,182.34,655.904
58.75,189.629,650.673
58.75,196.919,645.396
58.75,204.208,640.073
58.75,211.498,634.707
58.75,218.788,629.297
58.75,226.077,623.846
58.75,233.367,618.356
58.75,240.656,612.826
58.75,247.946,607.261
58.75,255.235,601.661
58.75,262.525,596.028
58.75,269.815,590.365
58.75,277.104,584.675
58.75,284.394,528.074
58.75,291.683,525.708
58.75,298.973,523.326
58.75,306.263,520.927
58.75,313.552,518.511
58.75,320.842,516.079
58.75,328.131,513.63
58.75,335.421,511.165
58.75,342.71,561.779
58.75,350.0,559.683
61.0417,0.1,675.176
61.0417,1.01325,671.504
61.0417,7.38958,667.791
61.0417,14.6792,664.036
61.0417,21.9688,660.239
61.0417,29.2583,656.4
61.0417,36.5479,652.518
61.0417,43.8375,648.595
61.0417,51.1271,644.628
61.0417,58.4167,640.62
61.0417,65.7063,636.568
61.0417,72.9958,632.474
61.0417,80.2854,631.842
61.0417,87.575,628.338
61.0417,94.8646,624.159
61.0417,102.154,619.937
61.0417,109.444,615.674
61.0417,116.733,611.368
61.0417,124.023,607.021
61.0417,131.313,602.633
61.0417,138.602,689.215
61.0417,145.892,684.367
61.0417,153.181,679.472
61.0417,160.471,674.53
61.0417,167.76,669.541
61.0417,175.05,664.507
61.0417,182.34,659.428
61.0417,189.629,654.304
61.0417,196.919,649.136
61.0417,204.208,643.926
61.0417,211.498,638.675
61.0417,218.788,633.383
61.0417,226.077,628.053
61.0417,233.367,622.685
61.0417,240.656,617.281
61.0417,247.946,611.843
61.0417,255.235,606.373
61.0417,262.525,600.872
61.0417,269.815,595.344
61.0417,277.104,589.789
61.0417,284.394,584.211
61.0417,291.683,527.455
61.0417,298.973,525.112
61.0417,306.263,522.753
61.0417,313.552,520.378
61.0417,320.842,517.988
61.0417,328.131,515.581
61.0417,335.421,513.16
61.0417,342.71,563.344
61.0417,350.0,561.28
63.3333,0.1,676.766
63.3333,1.01325,673.144
63.3333,7.38958,669.481
63.3333,14.6792,665.779
63.3333,21.9688,662.036
63.3333,29.2583,658.253
63.3333,36.5479,654.43
63.3333,43.8375,650.565
63.3333,51.1271,646.66
63.3333,58.4167,642.715
63.3333,65.7063,638.728
63.3333,72.9958,634.701
63.3333,80.2854,634.079
63.3333,87.575,630.633
63.3333,94.8646,626.525
63.3333,102.154,622.376
63.3333,109.444,618.187
63.3333,116.733,613.959
63.3333,124.023,609.69
63.3333,131.313,605.383
63.3333,138.602,692.067
63.3333,145.892,687.306
63.3333,153.181,682.501
63.3333,160.471,677.65
63.3333,167.76,672.756
63.3333,175.05,667.818
63.3333,182.34,662.837
63.3333,189.629,657.815
63.3333,196.919,652.751
63.3333,204.208,647.647
63.3333,211.498,642.505
63.3333,218.788,637.324
63.3333,226.077,632.107
63.3333,233.367,626.854
63.3333,240.656,621.568
63.3333,247.946,616.25
63.3333,255.235,610.902
63.3333,262.525,605.525
63.3333,269.815,600.122
63.3333,277.104,594.694
63.3333,284.394,589.245
63.3333,291.683,583.776
63.3333,298.973,578.289
63.3333,306.263,524.531
63.3333,313.552,522.195
63.3333,320.842,519.844
63.3333,328.131,517.479
63.3333,335.421,515.098
63.3333,342.71,564.871
63.3333,350.0,562.838
65.625,0.1,678.323
65.625,1.01325,674.749
65.625,7.38958,671.136
65.625,14.6792,667.484
65.625,21.9688,663.794
65.625,29.2583,660.065
65.625,36.5479,656.296
65.625,43.8375,652.489
65.625,51.1271,648.643
65.625,58.4167,644.758
65.625,65.7063,640.833
65.625,72.9958,636.87
65.625,80.2854,636.258
65.625,87.575,632.868
65.625,94.8646,628.827
65.625,102.154,624.748
65.625,109.444,620.63
65.625,116.733,616.475
65.625,124.023,612.282
65.625,131.313,608.052
65.625,138.602,694.841
65.625,145.892,690.162
65.625,153.181,685.442
65.625,160.471,680.678
65.625,167.76,675.873
65.625,175.05,671.027
65.625,182.34,666.14
65.625,189.629,661.214
65.625,196.919,656.248
65.625,204.208,651.245
65.625,211.498,646.205
65.625,218.788,641.129
65.625,226.077,636.019
65.625,233.367,630.875
65.625,240.656,625.7
65.625,247.946,620.494
65.625,255.235,615.261
65.625,262.525,610.0
65.625,269.815,604.715
65.625,277.104,599.407
65.625,284.394,594.078
65.625,291.683,588.73
65.625,298.973,583.367
65.625,306.263,577.99
65.625,313.552,523.964
65.625,320.842,521.651
65.625,328.131,519.324
65.625,335.421,516.983
65.625,342.71,566.363
65.625,350.0,564.359
67.9167,0.1,679.849
67.9167,1.01325,676.32
67.9167,7.38958,672.755
67.9167,14.6792,669.153
67.9167,21.9688,665.513
67.9167,29.2583,661.836
67.9167,36.5479,658.121
67.9167,43.8375,654.369
67.9167,51.1271,650.579
67.9167,58.4167,646.752
67.9167,65.7063,642.887
67.9167,72.9958,638.985
67.9167,80.2854,638.383
67.9167,87.575,635.046
67.9167,94.8646,631.07
67.9167,102.154,627.057
67.9167,109.444,623.007
67.9167,116.733,618.922
67.9167,124.023,614.801
67.9167,131.313,610.644
67.9167,138.602,697.539
67.9167,145.892,692.94
67.9167,153.181,688.3
67.9167,160.471,683.62
67.9167,167.76,678.9
67.9167,175.05,674.14
67.9167,182.34,669.343
67.9167,189.629,664.507
67.9167,196.919,659.635
67.9167,204.208,654.727
67.9167,211.498,649.784
67.9167,218.788,644.807
67.9167,226.077,639.798
67.9167,233.367,634.758
67.9167,240.656,629.687
67.9167,247.946,624.588
67.9167,255.235,619.462
67.9167,262.525,614.311
67.9167,269.815,609.137
67.9167,277.104,603.941
67.9167,284.394,598.725
67.9167,291.683,593.493
67.9167,298.973,588.244
67.9167,306.263,582.983
67.9167,313.552,577.712
67.9167,320.842,523.411
67.9167,328.131,521.121
67.9167,335.421,518.817
67.9167,342.71,567.82
67.9167,350.0,565.845
70.2083,0.1,681.344
70.2083,1.01325,677.86
70.2083,7.38958,674.341
70.2083,14.6792,670.786
70.2083,21.9688,667.195
70.2083,29.2583,663.568
70.2083,36.5479,659.905
70.2083,43.8375,656.205
70.2083,51.1271,652.47
70.2083,58.4167,648.698
70.2083,65.7063,644.891
70.2083,72.9958,641.048
70.2083,80.2854,640.455
70.2083,87.575,637.169
70.2083,94.8646,633.255
70.2083,102.154,629.306
70.2083,109.444,625.322
70.2083,116.733,621.303
70.2083,124.023,617.25
70.2083,131.313,613.163
70.2083,138.602,700.166
70.2083,145.892,695.643
70.2083,153.181,691.08
70.2083,160.471,686.479
70.2083,167.76,681.84
70.2083,175.05,677.164
70.2083,182.34,672.451
70.2083,189.629,667.703
70.2083,196.919,662.919
70.2083,204.208,658.101
70.2083,211.498,653.251
70.2083,218.788,648.368
70.2083,226.077,643.454
70.2083,233.367,638.511
70.2083,240.656,633.539
70.2083,247.946,628.541
70.2083,255.235,623.517
70.2083,262.525,618.47
70.2083,269.815,613.4
70.2083,277.104,608.31
70.2083,284.394,603.202
70.2083,291.683,598.077
70.2083,298.973,592.937
70.2083,306.263,587.786
70.2083,313.552,582.624
70.2083,320.842,577.454
70.2083,328.131,522.871
70.2083,335.421,520.604
70.2083,342.71,569.244
70.2083,350.0,567.297
72.5,0.1,682.81
72.5,1.01325,679.37
72.5,7.38958,675.895
72.5,14.6792,672.386
72.5,21.9688,668.842
72.5,29.2583,665.263
72.5,36.5479,661.65
72.5,43.8375,658.001
72.5,51.1271,654.318
72.5,58.4167,650.6
72.5,65.7063,646.848
72.5,72.9958,643.062
72.5,80.2854,642.477
72.5,87.575,639.241
72.5,94.8646,635.386
72.5,102.154,631.498
72.5,109.444,627.576
72.5,116.733,623.621
72.5,124.023,619.634
72.5,131.313,615.614
72.5,138.602,702.726
72.5,145.892,698.275
72.5,153.181,693.786
72.5,160.471,689.261
72.5,167.76,684.699
72.5,175.05,680.102
72.5,182.34,675.471
72.5,189.629,670.805
72.5,196.919,666.105
72.5,204.208,661.374
72.5,211.498,656.611
72.5,218.788,651.817
72.5,226.077,646.994
72.5,233.367,642.144
72.5,240.656,637.266
72.5,247.946,632.363
72.5,255.235,627.436
72.5,262.525,622.486
72.5,269.815,617.515
72.5,277.104,612.526
72.5,284.394,607.518
72.5,291.683,602.495
72.5,298.973,597.459
72.5,306.263,592.41
72.5,313.552,587.352
72.5,320.842,582.287
72.5,328.131,577.215
72.5,335.421,522.344
72.5,342.71,570.637
72.5,350.0,568.717
74.7917,0.1,684.248
74.7917,1.01325,680.85
74.7917,7.38958,677.419
74.7917,14.6792,673.954
74.7917,21.9688,670.455
74.7917,29.2583,666.923
74.7917,36.5479,663.357
74.7917,43.8375,659.758
74.7917,51.1271,656.125
74.7917,58.4167,652.459
74.7917,65.7063,648.76
74.7917,72.9958,645.028
74.7917,80.2854,644.452
74.7917,87.575,641.263
74.7917,94.8646,637.466
74.7917,102.154,633.636
74.7917,109.444,629.774
74.7917,116.733,625.88
74.7917,124.023,621.956
74.7917,131.313,618.0
74.7917,138.602,705.222
74.7917,145.892,700.84
74.7917,153.181,696.422
74.7917,160.471,691.969
74.7917,167.76,687.482
74.7917,175.05,682.961
74.7917,182.34,678.406
74.7917,189.629,673.819
74.7917,196.919,669.2
74.7917,204.208,664.551
74.7917,211.498,659.871
74.7917,218.788,655.163
74.7917,226.077,650.426
74.7917,233.367,645.663
74.7917,240.656,640.875
74.7917,247.946,636.062
74.7917,255.235,631.227
74.7917,262.525,626.37
74.7917,269.815,621.493
74.7917,277.104,616.598
74.7917,284.394,611.687
74.7917,291.683,606.76
74.7917,298.973,601.821
74.7917,306.263,596.87
74.7917,313.552,591.91
74.7917,320.842,586.943
74.7917,328.131,581.971
74.7917,335.421,576.995
74.7917,342.71,572.0
74.7917,350.0,570.105
77.0833,0.1,685.659
77.0833,1.01325,682.302
77.0833,7.38958,678.912
77.0833,14.6792,675.49
77.0833,21.9688,672.036
77.0833,29.2583,668.549
77.0833,36.5479,665.029
77.0833,43.8375,661.478
77.0833,51.1271,657.894
77.0833,58.4167,654.278
77.0833,65.7063,650.63
77.0833,72.9958,646.95
77.0833,80.2854,646.382
77.0833,87.575,643.238
77.0833,94.8646,639.496
77.0833,102.154,635.722
77.0833,109.444,631.918
77.0833,116.733,628.083
77.0833,124.023,624.219
77.0833,131.313,620.325
77.0833,138.602,707.656
77.0833,145.892,703.341
77.0833,153.181,698.991
77.0833,160.471,694.608
77.0833,167.76,690.192
77.0833,175.05,685.743
77.0833,182.34,681.262
77.0833,189.629,676.751
77.0833,196.919,672.209
77.0833,204.208,667.637
77.0833,211.498,663.037
77.0833,218.788,658.41
77.0833,226.077,653.756
77.0833,233.367,649.076
77.0833,240.656,644.373
77.0833,247.946,639.646
77.0833,255.235,634.898
77.0833,262.525,630.129
77.0833,269.815,625.342
77.0833,277.104,620.537
77.0833,284.394,615.716
77.0833,291.683,610.882
77.0833,298.973,606.034
77.0833,306.263,601.176
77.0833,313.552,596.31
77.0833,320.842,591.436
77.0833,328.131,586.557
77.0833,335.421,581.675
77.0833,342.71,616.052
77.0833,350.0,610.07
79.375,0.1,687.044
79.375,1.01325,683.727
79.375,7.38958,680.377
79.375,14.6792,676.997
79.375,21.9688,673.585
79.375,29.2583,670.142
79.375,36.5479,666.667
79.375,43.8375,663.161
79.375,51.1271,659.624
79.375,58.4167,656.056
79.375,65.7063,652.458
79.375,72.9958,648.828
79.375,80.2854,648.269
79.375,87.575,645.169
79.375,94.8646,641.479
79.375,102.154,637.759
79.375,109.444,634.01
79.375,116.733,630.232
79.375,124.023,626.426
79.375,131.313,622.59
79.375,138.602,710.033
79.375,145.892,705.781
79.375,153.181,701.497
79.375,160.471,697.181
79.375,167.76,692.832
79.375,175.05,688.453
79.375,182.34,684.043
79.375,189.629,679.604
79.375,196.919,675.135
79.375,204.208,670.638
79.375,211.498,666.115
79.375,218.788,661.564
79.375,226.077,656.989
79.375,233.367,652.389
79.375,240.656,647.767
79.375,247.946,643.122
79.375,255.235,638.457
79.375,262.525,633.772
79.375,269.815,629.069
79.375,277.104,624.35
79.375,284.394,619.616
79.375,291.683,614.869
79.375,298.973,610.109
79.375,306.263,605.339
79.375,313.552,600.561
79.375,320.842,595.776
79.375,328.131,590.986
79.375,335.421,586.193
79.375,342.71,621.804
79.375,350.0,615.93
81.6667,0.1,688.404
81.6667,1.01325,685.125
81.6667,7.38958,681.815
81.6667,14.6792,678.475
81.6667,21.9688,675.104
81.6667,29.2583,671.703
81.6667,36.5479,668.272
81.6667,43.8375,664.81
81.6667,51.1271,661.319
81.6667,58.4167,657.797
81.6667,65.7063,654.246
81.6667,72.9958,650.666
81.6667,80.2854,650.114
81.6667,87.575,647.056
81.6667,94.8646,643.417
81.6667,102.154,639.75
81.6667,109.444,636.054
81.6667,116.733,632.33
81.6667,124.023,628.579
81.6667,131.313,624.801
81.6667,138.602,712.354
81.6667,145.892,708.164
81.6667,153.181,703.943
81.6667,160.471,699.69
81.6667,167.76,695.407
81.6667,175.05,691.094
81.6667,182.34,686.752
81.6667,189.629,682.382
81.6667,196.919,677.984
81.6667,204.208,673.559
81.6667,211.498,669.108
81.6667,218.788,664.632
81.6667,226.077,660.131
81.6667,233.367,655.608
81.6667,240.656,651.062
81.6667,247.946,646.496
81.6667,255.235,641.91
81.6667,262.525,637.305
81.6667,269.815,632.684
81.6667,277.104,628.046
81.6667,284.394,623.394
81.6667,291.683,618.73
81.6667,298.973,614.054
81.6667,306.263,609.368
81.6667,313.552,604.674
81.6667,320.842,599.973
81.6667,328.131,595.268
81.6667,335.421,590.56
81.6667,342.71,627.353
81.6667,350.0,621.582
83.9583,0.1,689.74
83.9583,1.01325,686.498
83.9583,7.38958,683.226
83.9583,14.6792,679.925
83.9583,21.9688,676.594
83.9583,29.2583,673.234
83.9583,36.5479,669.845
83.9583,43.8375,666.426
83.9583,51.1271,662.979
83.9583,58.4167,659.502
83.9583,65.7063,655.997
83.9583,72.9958,652.464
83.9583,80.2854,651.919
83.9583,87.575,648.902
83.9583,94.8646,645.313
83.9583,102.154,641.695
83.9583,109.444,638.051
83.9583,116.733,634.379
83.9583,124.023,630.682
83.9583,131.313,626.958
83.9583,138.602,714.622
83.9583,145.892,710.492
83.9583,153.181,706.33
83.9583,160.471,702.14
83.9583,167.76,697.919
83.9583,175.05,693.671
83.9583,182.34,689.394
83.9583,189.629,685.09
83.9583,196.919,680.759
83.9583,204.208,676.403
83.9583,211.498,672.021
83.9583,218.788,667.616
83.9583,226.077,663.188
83.9583,233.367,658.737
83.9583,240.656,654.265
83.9583,247.946,649.774
83.9583,255.235,645.263
83.9583,262.525,640.735
83.9583,269.815,636.191
83.9583,277.104,631.631
83.9583,284.394,627.058
83.9583,291.683,622.472
83.9583,298.973,617.876
83.9583,306.263,613.27
83.9583,313.552,608.656
83.9583,320.842,604.036
83.9583,328.131,599.412
83.9583,335.421,594.784
83.9583,342.71,632.713
83.9583,350.0,627.04
86.25,0.1,691.052
86.25,1.01325,687.846
86.25,7.38958,684.612
86.25,14.6792,681.348
86.25,21.9688,678.056
86.25,29.2583,674.736
86.25,36.5479,671.387
86.25,43.8375,668.01
86.25,51.1271,664.606
86.25,58.4167,661.173
86.25,65.7063,657.712
86.25,72.9958,654.224
86.25,80.2854,653.686
86.25,87.575,650.709
86.25,94.8646,647.167
86.25,102.154,643.598
86.25,109.444,640.003
86.25,116.733,636.382
86.25,124.023,632.735
86.25,131.313,629.064
86.25,138.602,716.84
86.25,145.892,712.766
86.25,153.181,708.663
86.25,160.471,704.532
86.25,167.76,700.372
86.25,175.05,696.185
86.25,182.34,691.971
86.25,189.629,687.73
86.25,196.919,683.464
86.25,204.208,679.174
86.25,211.498,674.86
86.25,218.788,670.522
86.25,226.077,666.162
86.25,233.367,661.782
86.25,240.656,657.381
86.25,247.946,652.961
86.25,255.235,648.523
86.25,262.525,644.068
86.25,269.815,639.597
86.25,277.104,635.112
86.25,284.394,630.614
86.25,291.683,626.104
86.25,298.973,621.583
86.25,306.263,617.054
86.25,313.552,612.517
86.25,320.842,607.974
86.25,328.131,603.426
86.25,335.421,598.876
86.25,342.71,637.895
86.25,350.0,632.317
88.5417,0.1,692.342
88.5417,1.01325,689.171
88.5417,7.38958,685.972
88.5417,14.6792,682.746
88.5417,21.9688,679.492
88.5417,29.2583,676.21
88.5417,36.5479,672.901
88.5417,43.8375,669.564
88.5417,51.1271,666.2
88.5417,58.4167,662.81
88.5417,65.7063,659.392
88.5417,72.9958,655.948
88.5417,80.2854,655.417
88.5417,87.575,652.478
88.5417,94.8646,648.981
88.5417,102.154,645.459
88.5417,109.444,641.912
88.5417,116.733,638.34
88.5417,124.023,634.743
88.5417,131.313,631.122
88.5417,138.602,719.009
88.5417,145.892,714.99
88.5417,153.181,710.944
88.5417,160.471,706.869
88.5417,167.76,702.768
88.5417,175.05,698.64
88.5417,182.34,694.486
88.5417,189.629,690.307
88.5417,196.919,686.103
88.5417,204.208,681.876
88.5417,211.498,677.626
88.5417,218.788,673.353
88.5417,226.077,669.06
88.5417,233.367,664.746
88.5417,240.656,660.413
88.5417,247.946,656.061
88.5417,255.235,651.693
88.5417,262.525,647.308
88.5417,269.815,642.908
88.5417,277.104,638.494
88.5417,284.394,634.068
88.5417,291.683,629.63
88.5417,298.973,625.182
88.5417,306.263,620.726
88.5417,313.552,616.262
88.5417,320.842,611.793
88.5417,328.131,607.319
88.5417,335.421,602.842
88.5417,342.71,642.912
88.5417,350.0,637.423
90.8333,0.1,693.609
90.8333,1.01325,690.473
90.8333,7.38958,687.309
90.8333,14.6792,684.118
90.8333,21.9688,680.901
90.8333,29.2583,677.656
90.8333,36.5479,674.385
90.8333,43.8375,671.088
90.8333,51.1271,667.764
90.8333,58.4167,664.414
90.8333,65.7063,661.039
90.8333,72.9958,657.637
90.8333,80.2854,657.113
90.8333,87.575,654.21
90.8333,94.8646,650.758
90.8333,102.154,647.281
90.8333,109.444,643.78
90.8333,116.733,640.255
90.8333,124.023,636.706
90.8333,131.313,633.134
90.8333,138.602,721.132
90.8333,145.892,717.166
90.8333,153.181,713.173
90.8333,160.471,709.154
90.8333,167.76,705.109
90.8333,175.05,701.038
90.8333,182.34,696.942
90.8333,189.629,692.822
90.8333,196.919,688.679
90.8333,204.208,684.512
90.8333,211.498,680.324
90.8333,218.788,676.114
90.8333,226.077,671.884
90.8333,233.367,667.634
90.8333,240.656,663.366
90.8333,247.946,659.081
90.8333,255.235,654.778
90.8333,262.525,650.461
90.8333,269.815,646.128
90.8333,277.104,641.783
90.8333,284.394,637.425
90.8333,291.683,633.057
90.8333,298.973,628.679
90.8333,306.263,624.293
90.8333,313.552,619.899
90.8333,320.842,615.5
90.8333,328.131,611.097
90.8333,335.421,606.691
90.8333,342.71,647.772
90.8333,350.0,642.369
93.125,0.1,694.856
93.125,1.01325,691.752
93.125,7.38958,688.623
93.125,14.6792,685.467
93.125,21.9688,682.285
93.125,29.2583,679.077
93.125,36.5479,675.843
93.125,43.8375,672.583
93.125,51.1271,669.298
93.125,58.4167,665.988
93.125,65.7063,662.653
93.125,72.9958,659.293
93.125,80.2854,658.775
93.125,87.575,655.908
93.125,94.8646,652.499
93.125,102.154,649.066
93.125,109.444,645.609
93.125,116.733,642.129
93.125,124.023,638.626
93.125,131.313,635.101
93.125,138.602,723.21
93.125,145.892,719.296
93.125,153.181,715.355
93.125,160.471,711.389
93.125,167.76,707.398
93.125,175.05,703.382
93.125,182.34,699.342
93.125,189.629,695.279
93.125,196.919,691.193
93.125,204.208,687.086
93.125,211.498,682.957
93.125,218.788,678.807
93.125,226.077,674.638
93.125,233.367,670.45
93.125,240.656,666.245
93.125,247.946,662.022
93.125,255.235,657.784
93.125,262.525,653.531
93.125,269.815,649.263
93.125,277.104,644.984
93.125,284.394,640.692
93.125,291.683,636.39
93.125,298.973,632.079
93.125,306.263,627.76
93.125,313.552,623.434
93.125,320.842,619.102
93.125,328.131,614.766
93.125,335.421,610.428
93.125,342.71,652.485
93.125,350.0,647.165
95.4167,0.1,696.081
95.4167,1.01325,693.01
95.4167,7.38958,689.914
95.4167,14.6792,686.792
95.4167,21.9688,683.644
95.4167,29.2583,680.472
95.4167,36.5479,677.274
95.4167,43.8375,674.052
95.4167,51.1271,670.804
95.4167,58.4167,667.532
95.4167,65.7063,664.236
95.4167,72.9958,660.916
95.4167,80.2854,660.404
95.4167,87.575,657.572
95.4167,94.8646,654.204
95.4167,102.154,650.813
95.4167,109.444,647.4
95.4167,116.733,643.964
95.4167,124.023,640.506
95.4167,131.313,637.026
95.4167,138.602,725.245
95.4167,145.892,721.381
95.4167,153.181,717.491
95.4167,160.471,713.576
95.4167,167.76,709.637
95.4167,175.05,705.675
95.4167,182.34,701.689
95.4167,189.629,697.68
95.4167,196.919,693.65
95.4167,204.208,689.599
95.4167,211.498,685.527
95.4167,218.788,681.436
95.4167,226.077,677.326
95.4167,233.367,673.197
95.4167,240.656,669.052
95.4167,247.946,664.89
95.4167,255.235,660.713
95.4167,262.525,656.522
95.4167,269.815,652.317
95.4167,277.104,648.1
95.4167,284.394,643.872
95.4167,291.683,639.634
95.4167,298.973,635.387
95.4167,306.263,631.132
95.4167,313.552,626.871
95.4167,320.842,622.604
95.4167,328.131,618.333
95.4167,335.421,614.06
95.4167,342.71,657.06
95.4167,350.0,651.819
97.7083,0.1,697.287
97.7083,1.01325,694.248
97.7083,7.38958,691.184
97.7083,14.6792,688.094
97.7083,21.9688,684.981
97.7083,29.2583,681.842
97.7083,36.5479,678.68
97.7083,43.8375,675.493
97.7083,51.1271,672.282
97.7083,58.4167,669.048
97.7083,65.7063,665.789
97.7083,72.9958,662.508
97.7083,80.2854,662.002
97.7083,87.575,659.203
97.7083,94.8646,655.876
97.7083,102.154,652.526
97.7083,109.444,649.155
97.7083,116.733,645.761
97.7083,124.023,642.346
97.7083,131.313,638.911
97.7083,138.602,727.239
97.7083,145.892,723.423
97.7083,153.181,719.582
97.7083,160.471,715.717
97.7083,167.76,711.829
97.7083,175.05,707.917
97.7083,182.34,703.984
97.7083,189.629,700.028
97.7083,196.919,696.052
97.7083,204.208,692.055
97.7083,211.498,688.039
97.7083,218.788,684.003
97.7083,226.077,679.95
97.7083,233.367,675.879
97.7083,240.656,671.791
97.7083,247.946,667.688
97.7083,255.235,663.57
97.7083,262.525,659.438
97.7083,269.815,655.294
97.7083,277.104,651.137
97.7083,284.394,646.97
97.7083,291.683,642.794
97.7083,298.973,638.608
97.7083,306.263,634.415
97.7083,313.552,630.216
97.7083,320.842,626.012
97.7083,328.131,621.803
97.7083,335.421,617.592
97.7083,342.71,661.503
97.7083,350.0,656.338
100.0,0.1,698.474
100.0,1.01325,695.465
100.0,7.38958,692.432
100.0,14.6792,689.375
100.0,21.9688,686.294
100.0,29.2583,683.189
100.0,36.5479,680.061
100.0,43.8375,676.909
100.0,51.1271,673.734
100.0,58.4167,670.535
100.0,65.7063,667.314
100.0,72.9958,664.07
100.0,80.2854,663.57
100.0,87.575,660.804
100.0,94.8646,657.516
100.0,102.154,654.206
100.0,109.444,650.874
100.0,116.733,647.522
100.0,124.023,644.149
100.0,131.313,640.756
100.0,138.602,729.194
100.0,145.892,725.424
100.0,153.181,721.631
100.0,160.471,717.814
100.0,167.76,713.974
100.0,175.05,710.113
100.0,182.34,706.23
100.0,189.629,702.325
100.0,196.919,698.401
100.0,204.208,694.457
100.0,211.498,690.493
100.0,218.788,686.512
100.0,226.077,682.513
100.0,233.367,678.497
100.0,240.656,674.465
100.0,247.946,670.419
100.0,255.235,666.358
100.0,262.525,662.283
100.0,269.815,658.197
100.0,277.104,654.099
100.0,284.394,649.99
100.0,291.683,645.873
100.0,298.973,641.747
100.0,306.263,637.613
100.0,313.552,633.474
100.0,320.842,629.329
100.0,328.131,625.181
100.0,335.421,621.03
100.0,342.71,665.823
100.0,350.0,660.731
